rsid	EUR_freq	AFR_freq	EAS_freq	SAS_freq	AMR_freq	chromosome	position
rs1426654	0.85	0.15	0.05	0.25	0.45	1	123456
rs16891982	0.90	0.10	0.02	0.20	0.50	2	234567
rs2814778	0.88	0.12	0.08	0.30	0.40	3	345678
rs3827760	0.92	0.08	0.03	0.15	0.55	4	456789
rs6444724	0.87	0.13	0.10	0.35	0.38	5	567890
rs1042602	0.15	0.85	0.20	0.25	0.30	6	678901
rs1805007	0.12	0.88	0.15	0.22	0.28	7	789012
rs281865	0.10	0.90	0.18	0.20	0.25	8	890123
rs1079597	0.08	0.92	0.12	0.18	0.22	9	901234
rs2234693	0.05	0.95	0.08	0.15	0.20	10	123456
rs3827760	0.92	0.08	0.03	0.15	0.55	11	234567
rs2814778	0.88	0.12	0.08	0.30	0.40	12	345678
rs16891982	0.90	0.10	0.02	0.20	0.50	13	456789
rs1426654	0.85	0.15	0.05	0.25	0.45	14	567890
rs6444724	0.87	0.13	0.10	0.35	0.38	15	678901
rs1042602	0.15	0.85	0.20	0.25	0.30	16	789012
rs1805007	0.12	0.88	0.15	0.22	0.28	17	890123
rs281865	0.10	0.90	0.18	0.20	0.25	18	901234
rs1079597	0.08	0.92	0.12	0.18	0.22	19	123456
rs2234693	0.05	0.95	0.08	0.15	0.20	20	234567
rs2814778	0.88	0.12	0.08	0.30	0.40	21	345678
rs3827760	0.92	0.08	0.03	0.15	0.55	22	456789
rs16891982	0.90	0.10	0.02	0.20	0.50	1	567890
rs1426654	0.85	0.15	0.05	0.25	0.45	2	678901
rs6444724	0.87	0.13	0.10	0.35	0.38	3	789012
rs1042602	0.15	0.85	0.20	0.25	0.30	4	890123
rs1805007	0.12	0.88	0.15	0.22	0.28	5	901234
rs281865	0.10	0.90	0.18	0.20	0.25	6	123456
rs1079597	0.08	0.92	0.12	0.18	0.22	7	234567
rs2234693	0.05	0.95	0.08	0.15	0.20	8	345678
rs2814778	0.88	0.12	0.08	0.30	0.40	9	456789
rs3827760	0.92	0.08	0.03	0.15	0.55	10	567890
rs16891982	0.90	0.10	0.02	0.20	0.50	11	678901
rs1426654	0.85	0.15	0.05	0.25	0.45	12	789012
rs6444724	0.87	0.13	0.10	0.35	0.38	13	890123
rs1042602	0.15	0.85	0.20	0.25	0.30	14	901234
rs1805007	0.12	0.88	0.15	0.22	0.28	15	123456
rs281865	0.10	0.90	0.18	0.20	0.25	16	234567
rs1079597	0.08	0.92	0.12	0.18	0.22	17	345678
rs2234693	0.05	0.95	0.08	0.15	0.20	18	456789
rs2814778	0.88	0.12	0.08	0.30	0.40	19	567890
rs3827760	0.92	0.08	0.03	0.15	0.55	20	678901
rs16891982	0.90	0.10	0.02	0.20	0.50	21	789012
rs1426654	0.85	0.15	0.05	0.25	0.45	22	890123
rs6444724	0.87	0.13	0.10	0.35	0.38	1	901234
rs1042602	0.15	0.85	0.20	0.25	0.30	2	123456
rs1805007	0.12	0.88	0.15	0.22	0.28	3	234567
rs281865	0.10	0.90	0.18	0.20	0.25	4	345678
rs1079597	0.08	0.92	0.12	0.18	0.22	5	456789
rs2234693	0.05	0.95	0.08	0.15	0.20	6	567890
rs2814778	0.88	0.12	0.08	0.30	0.40	7	678901
rs3827760	0.92	0.08	0.03	0.15	0.55	8	789012
rs16891982	0.90	0.10	0.02	0.20	0.50	9	890123
rs1426654	0.85	0.15	0.05	0.25	0.45	10	901234
rs6444724	0.87	0.13	0.10	0.35	0.38	11	123456
rs1042602	0.15	0.85	0.20	0.25	0.30	12	234567
rs1805007	0.12	0.88	0.15	0.22	0.28	13	345678
rs281865	0.10	0.90	0.18	0.20	0.25	14	456789
rs1079597	0.08	0.92	0.12	0.18	0.22	15	567890
rs2234693	0.05	0.95	0.08	0.15	0.20	16	678901
rs2814778	0.88	0.12	0.08	0.30	0.40	17	789012
rs3827760	0.92	0.08	0.03	0.15	0.55	18	890123
rs16891982	0.90	0.10	0.02	0.20	0.50	19	901234
rs1426654	0.85	0.15	0.05	0.25	0.45	20	123456
rs6444724	0.87	0.13	0.10	0.35	0.38	21	234567
rs1042602	0.15	0.85	0.20	0.25	0.30	22	345678
rs1805007	0.12	0.88	0.15	0.22	0.28	1	456789
rs281865	0.10	0.90	0.18	0.20	0.25	2	567890
rs1079597	0.08	0.92	0.12	0.18	0.22	3	678901
rs2234693	0.05	0.95	0.08	0.15	0.20	4	789012
rs2814778	0.88	0.12	0.08	0.30	0.40	5	890123
rs3827760	0.92	0.08	0.03	0.15	0.55	6	901234
rs16891982	0.90	0.10	0.02	0.20	0.50	7	123456
rs1426654	0.85	0.15	0.05	0.25	0.45	8	234567
rs6444724	0.87	0.13	0.10	0.35	0.38	9	345678
rs1042602	0.15	0.85	0.20	0.25	0.30	10	456789
rs1805007	0.12	0.88	0.15	0.22	0.28	11	567890
rs281865	0.10	0.90	0.18	0.20	0.25	12	678901
rs1079597	0.08	0.92	0.12	0.18	0.22	13	789012
rs2234693	0.05	0.95	0.08	0.15	0.20	14	890123
rs2814778	0.88	0.12	0.08	0.30	0.40	15	901234
rs3827760	0.92	0.08	0.03	0.15	0.55	16	123456
rs16891982	0.90	0.10	0.02	0.20	0.50	17	234567
rs1426654	0.85	0.15	0.05	0.25	0.45	18	345678
rs6444724	0.87	0.13	0.10	0.35	0.38	19	456789
rs1042602	0.15	0.85	0.20	0.25	0.30	20	567890
rs1805007	0.12	0.88	0.15	0.22	0.28	21	678901
rs281865	0.10	0.90	0.18	0.20	0.25	22	789012
rs1079597	0.08	0.92	0.12	0.18	0.22	1	890123
rs2234693	0.05	0.95	0.08	0.15	0.20	2	901234
rs2814778	0.88	0.12	0.08	0.30	0.40	3	123456
rs3827760	0.92	0.08	0.03	0.15	0.55	4	234567
rs16891982	0.90	0.10	0.02	0.20	0.50	5	345678
rs1426654	0.85	0.15	0.05	0.25	0.45	6	456789
rs6444724	0.87	0.13	0.10	0.35	0.38	7	567890
rs1042602	0.15	0.85	0.20	0.25	0.30	8	678901
rs1805007	0.12	0.88	0.15	0.22	0.28	9	789012
rs281865	0.10	0.90	0.18	0.20	0.25	10	890123
rs1079597	0.08	0.92	0.12	0.18	0.22	11	901234
rs2234693	0.05	0.95	0.08	0.15	0.20	12	123456
rs2814778	0.88	0.12	0.08	0.30	0.40	13	234567
rs3827760	0.92	0.08	0.03	0.15	0.55	14	345678
rs16891982	0.90	0.10	0.02	0.20	0.50	15	456789
rs1426654	0.85	0.15	0.05	0.25	0.45	16	567890
rs6444724	0.87	0.13	0.10	0.35	0.38	17	678901
rs1042602	0.15	0.85	0.20	0.25	0.30	18	789012
rs1805007	0.12	0.88	0.15	0.22	0.28	19	890123
rs281865	0.10	0.90	0.18	0.20	0.25	20	901234
rs1079597	0.08	0.92	0.12	0.18	0.22	21	123456
rs2234693	0.05	0.95	0.08	0.15	0.20	22	234567